url,brand_path,brand_subdomain,brand_substring_dom,brand_typo_dom,fake_tld,double_slash,have_IP,dots_path,path_depth,URL_length,http_dom,dom_seperator,numbers_host,dots_host,long_token_dom,tiny_url,dom_length,url_hash,puny_code,@_url,gibberish,free_domain,label,rule_based_prediction
https://amaz0nn.asia,0,0,0,1,0,0,0,0,0,0,0,0,1,0,0,0,0,0,0,0,0,0,1,1
https://opensea.io-v3.app/,0,1,0,0,0,0,0,0,0,0,0,1,1,0,0,0,0,0,0,0,0,0,1,1
https://correosb-cr.icu,0,0,1,0,0,0,0,0,0,0,0,1,0,0,0,0,0,0,0,0,0,1,1,1
https://twitterhelpus.com,0,0,1,0,0,0,0,0,0,0,0,0,0,0,0,0,0,0,0,0,0,0,1,1
http://interpark.com/display/collectlist.do?_method=bestBook&sc.shopNo=0000400000&sc.dispNo=028&bookblockname=bestbook&booklinkname=book_more,0,0,0,1,0,0,0,0,0,1,0,0,0,0,0,0,0,0,0,0,0,0,0,1
https://metamask.xlylh6.top,0,1,0,0,0,0,0,0,0,0,0,0,1,0,0,0,0,0,0,0,0,0,1,1
https://goonline.bbnparibaas.tech/,0,0,0,1,0,0,0,0,0,0,0,0,0,0,0,0,0,0,0,0,1,0,1,1
http://247mainnetfix.xyz,0,0,0,1,0,0,0,0,0,0,0,0,1,0,0,0,0,0,0,0,0,0,1,1
https://kontoswisspass-hilfe.siterubix.com/img/id/pass/index.html,0,1,0,0,0,0,0,0,0,0,0,1,0,0,0,0,1,0,0,0,0,0,1,1
http://www.ameraiaoexprecs.co.jp.poryptt.cn/,0,1,0,0,0,0,0,0,0,0,0,0,0,1,1,0,1,0,0,0,0,0,1,1
https://www.delivery-auspost.club/,0,0,1,0,0,0,0,0,0,0,0,1,0,0,0,0,0,0,0,0,0,0,1,1
http://interpark.com/product/MallDisplay.do?_method=Detail&sc.shopNo=0000100000&sc.dispNo=001930&sc.prdNo=1636600086&bm1=bottom&bm2=prd,0,0,0,1,0,0,0,0,0,0,0,0,0,0,0,0,0,0,0,0,0,0,0,1
https://microsoft-103937.weeblysite.com/,0,1,0,0,0,0,0,0,0,0,0,1,1,0,0,0,1,0,0,0,0,1,1,1
https://microsoft-108808.weeblysite.com/,0,1,0,0,0,0,0,0,0,0,0,1,1,0,0,0,1,0,0,0,0,1,1,1
https://amazondashop.com,0,0,1,0,0,0,0,0,0,0,0,0,0,0,0,0,0,0,0,0,0,0,1,1
https://allegrolokalnie.65756543.xyz/ihcgt2py/o0RKyM/7,0,1,0,0,0,0,0,0,0,0,0,0,1,0,1,0,0,0,0,0,0,0,1,1
https://bradesco-com-br-id-33623.site-resgateacesso.co.ua/html/classico/index.shtm/,0,1,0,0,0,0,0,0,0,0,0,1,1,0,0,0,1,0,0,0,0,0,1,1
http://mashable.com/category/twitter/2015/05/07/social-media-fights-homelessness-washington-dc,1,0,0,0,0,0,0,0,1,0,0,0,0,0,0,0,0,0,0,0,0,0,0,1
https://login.microsoftonlline.de/?rid=70Ynmq0,0,0,1,0,0,0,0,0,0,0,0,0,0,0,1,0,0,0,0,0,0,0,1,1
https://facebookc9oq3.vmlx98.codes/,0,1,0,0,0,0,0,0,0,0,0,0,1,0,0,0,0,0,0,0,1,0,1,1
https://supportnetflix.de/,0,0,1,0,0,0,0,0,0,0,0,0,0,0,0,0,0,0,0,0,0,0,1,1
https://netflix-clone.jacobdanielrose.com/auth,0,1,0,0,0,0,0,0,0,0,0,1,0,0,1,0,1,0,0,0,0,0,1,1
http://bhavin0077.github.io/Netflix/,1,0,0,0,0,0,0,0,0,0,0,0,1,0,0,0,0,0,0,0,0,0,1,1
http://cn84363-wordpress-wbhz3.tw1.ru/Credit%20agricole/,0,1,0,0,0,0,0,0,0,0,0,1,1,0,0,0,0,0,0,0,1,0,1,1
http://pancakeswap.store,0,0,0,0,1,0,0,0,0,0,0,0,0,0,0,0,0,0,0,0,0,0,1,1
https://rakuteniai.top/all/login.php,0,0,1,0,0,0,0,0,0,0,0,0,0,0,0,0,0,0,0,0,0,0,1,1
https://home-105199.square.site/,0,0,0,1,0,0,0,0,0,0,0,1,1,0,0,0,0,0,0,0,0,0,1,1
https://amazon-fgdsd.dns-report.com/,0,1,0,0,0,0,0,0,0,0,0,1,0,0,0,0,0,0,0,0,1,0,1,1
http://www.pockatcacd.co.jp.huaxwb.top/ai/registration.php,0,1,0,0,0,0,0,0,0,0,0,0,0,1,0,0,0,0,0,0,1,0,1,1
https://instagramserver.xuanye.ca/,0,1,0,0,0,0,0,0,0,0,0,0,0,0,1,0,0,0,0,0,0,0,1,1
https://microsoft-102534.weeblysite.com/,0,1,0,0,0,0,0,0,0,0,0,1,1,0,0,0,1,0,0,0,0,1,1,1
https://microsoft-100308.weeblysite.com/,0,1,0,0,0,0,0,0,0,0,0,1,1,0,0,0,1,0,0,0,0,1,1,1
http://mirtesen.ru/composition/20668688917?utm_campaign=composition&utm_source=mirtesen&utm_medium=page_1,0,0,0,1,0,0,0,0,0,0,0,0,0,0,0,0,0,0,0,0,0,0,0,1
https://sparebank-1n.web.app/,0,1,0,0,0,0,0,0,0,0,0,1,1,0,0,0,0,0,0,0,0,0,1,1
https://mymetemask.com/imports/,0,0,0,1,0,0,0,0,0,0,0,0,0,0,0,0,0,0,0,0,0,0,1,1
https://sallycooper.com.au/session/Netflix/b83aac23b9528732c23cc7352950e880/,1,0,0,0,0,0,0,0,0,0,0,0,0,0,0,0,0,0,0,0,0,0,1,1
https://bontlem.co.za/wp/wp-content/uploads/Netflix/c35bc9eaa4a930e006ab98bf3ef90408/,1,0,0,0,0,0,0,0,1,0,0,0,0,0,0,0,0,0,0,0,0,0,1,1
https://bt-internet-108235.weeblysite.com/,0,1,0,0,0,0,0,0,0,0,0,1,1,0,0,0,1,0,0,0,0,1,1,1
http://www.americaoexprecs.co.jp.n8tc64cy5dhqe5el.shop/,0,1,0,0,0,0,0,0,0,0,0,0,1,1,1,0,1,0,0,0,1,0,1,1
http://interpark.com/product/MallDisplay.do?_method=Detail&sc.shopNo=0000100000&sc.dispNo=001930&sc.prdNo=1702327954&bm1=bottom&bm2=prd,0,0,0,1,0,0,0,0,0,0,0,0,0,0,0,0,0,0,0,0,0,0,0,1
http://www.ameraiaoexprecs.co.jp.zvdong.cn/,0,1,0,0,0,0,0,0,0,0,0,0,0,1,1,0,1,0,0,0,0,0,1,1
http://truspad-pancakeswap.com,0,0,1,0,0,0,0,0,0,0,0,1,0,0,0,0,0,0,0,0,0,0,1,1
http://dropbooks.tv/search/index/word:%E9%AD%94%E6%B3%95%E5%85%88%E7%94%9F%E3%83%8D%E3%82%AE%E3%81%BE!,0,0,0,1,0,0,0,0,0,0,0,0,0,0,0,0,0,0,0,0,0,0,0,1
http://allegromall.shop/,0,0,1,0,0,0,0,0,0,0,0,0,0,0,0,0,0,0,0,0,0,0,1,1
http://impost.7561764.xyz/nxhjfxiw,0,1,0,0,0,0,0,0,0,0,0,0,1,0,0,0,0,0,0,0,0,0,1,1
https://coinbase-proxologin.godaddysites.com,0,1,0,0,0,0,0,0,0,0,0,1,0,0,0,0,1,0,0,0,0,0,1,1
https://netflix.zahlungcheck.de/,0,1,0,0,0,0,0,0,0,0,0,0,0,0,0,0,0,0,0,0,0,0,1,1
https://telegra.ph/PDF-09-20,0,0,0,1,0,0,0,0,0,0,0,0,0,0,0,0,0,0,0,0,0,0,1,1
https://correosb-cr.top/,0,0,1,0,0,0,0,0,0,0,0,1,0,0,0,0,0,0,0,0,0,0,1,1
https://connection-orangebank-certicode.derlma.com/2937854/,0,1,0,0,0,0,0,0,0,0,0,1,0,0,0,0,1,0,0,0,0,0,1,1
https://wordpress-1034357-3659357.cloudwaysapps.com/wp/line/login/login.php,0,1,0,0,0,0,0,0,0,0,0,1,1,0,0,0,1,0,0,0,0,0,1,1
http://cryptowalletconnect.com,0,0,1,0,0,0,0,0,0,0,0,0,0,0,1,0,0,0,0,0,0,0,1,1
http://emiratesair-12.wikidot.com,0,1,0,0,0,0,0,0,0,0,0,1,1,0,0,0,0,0,0,0,0,0,1,1
https://kuronekioyamato.jzoogek.cn/,0,1,0,0,0,0,0,0,0,0,0,0,0,0,1,0,0,0,0,0,0,0,1,1
https://microsoft-105060.weeblysite.com/,0,1,0,0,0,0,0,0,0,0,0,1,1,0,0,0,1,0,0,0,0,1,1,1
https://facebook-business-norely.firebaseapp.com/,0,1,0,0,0,0,0,0,0,0,0,1,0,0,0,0,1,0,0,0,0,1,1,1
http://www.pocketcacd.co.jp.vrzlpz.top/ai/registration.php,0,1,0,0,0,0,0,0,0,0,0,0,0,1,0,0,0,0,0,0,1,0,1,1
https://s.asu-kuronekoysmeto-jp.icu/,0,0,0,1,0,0,0,0,0,0,0,1,0,0,0,0,0,0,0,0,0,1,1,1
https://instagram-view-profile-private.emailmaroc.com/,0,1,0,0,0,0,0,0,0,0,0,1,0,0,0,0,1,0,0,0,0,0,1,1
https://connection-orangebank-certicode.derlma.com/7459238/,0,1,0,0,0,0,0,0,0,0,0,1,0,0,0,0,1,0,0,0,0,0,1,1
http://interpark.com/displaycorner/FreeMarket.do?_method=itemCateList&free1=pc&free2=007001010004&free3=item&disp_no=007001010004,0,0,0,1,0,0,0,0,0,0,0,0,0,0,0,0,0,0,0,0,0,0,0,1
https://microsoft-103314.weeblysite.com/,0,1,0,0,0,0,0,0,0,0,0,1,1,0,0,0,1,0,0,0,0,1,1,1
http://metamaisk.io,0,0,0,1,0,0,0,0,0,0,0,0,0,0,0,0,0,0,0,0,0,0,1,1
http://vnexpress.net/tin-tuc/the-gioi/thu-linh-he-tu-tuong-al-qaeda-bi-tieu-diet-3196904.html,0,0,0,1,0,0,0,0,0,0,0,0,0,0,0,0,0,0,0,0,0,0,0,1
http://wallet-connect.wadzpay-distribution.com,0,1,0,0,0,0,0,0,0,0,0,1,0,0,0,0,1,0,0,0,0,0,1,1
http://www.amerioaoexpreos.co.jp.caudgdk.cn/,0,1,0,0,0,0,0,0,0,0,0,0,0,1,1,0,1,0,0,0,0,0,1,1
http://i.aeonbankk.jp,0,0,1,1,0,0,0,0,0,0,0,0,0,0,0,0,0,0,0,0,0,0,1,1
http://reset-linkedin.com/signin.php,0,0,1,0,0,0,0,0,0,0,0,1,0,0,0,0,0,0,0,0,0,0,1,1
https://id.ing-deutsche.zbauer.de/z8839249210i630176p74501258931r650754923/,0,1,0,0,0,0,0,0,0,0,0,1,0,0,0,0,0,0,0,0,0,0,1,1
https://amazon-yhgfrvcd.mrbonus.com/,0,1,0,0,0,0,0,0,0,0,0,1,0,0,0,0,0,0,0,0,1,0,1,1
https://treckopenseefast.com/?url=https://opensea.io/learn&amp;id=5&amp;gclid=EAIaIQobChMI66KYy9qP_QIVFINLBR20NAVoEAAYAiAAEgJWFPD_BwE,0,0,0,1,0,1,0,0,0,0,0,0,0,0,1,0,0,0,0,0,0,0,1,1
https://login.cecoinbase.com/?verify=identity,0,0,1,1,0,0,0,0,0,0,0,0,0,0,0,0,0,0,0,0,0,0,1,1
https://steamcomnununity.com/profilies/76561199126434627,0,0,0,1,0,0,0,0,0,0,0,0,0,0,1,0,0,0,0,0,0,0,1,1
http://interpark.com/product/MallDisplay.do?_method=Detail&sc.shopNo=0000100000&sc.dispNo=001930&sc.prdNo=2130260044&bm1=bottom&bm2=prd,0,0,0,1,0,0,0,0,0,0,0,0,0,0,0,0,0,0,0,0,0,0,0,1
http://interpark.com/product/MallDisplay.do?_method=Detail&sc.shopNo=0000100000&sc.dispNo=001710249&sc.prdNo=3114012129,0,0,0,1,0,0,0,0,0,0,0,0,0,0,0,0,0,0,0,0,0,0,0,1
https://arbitrum-network.info/,0,0,1,0,0,0,0,0,0,0,0,1,0,0,0,0,0,0,0,0,0,0,1,1
http://www.americaoexprecs.co.jp.vjdwdbr.cn/,0,1,0,0,0,0,0,0,0,0,0,0,0,1,1,0,1,0,0,0,0,0,1,1
https://microsoft-105490.weeblysite.com/,0,1,0,0,0,0,0,0,0,0,0,1,1,0,0,0,1,0,0,0,0,1,1,1
https://amazon-dq2wdx.2waky.com/,0,1,0,0,0,0,0,0,0,0,0,1,1,0,0,0,0,0,0,0,1,0,1,1
https://microsoft-101977.weeblysite.com/,0,1,0,0,0,0,0,0,0,0,0,1,1,0,0,0,1,0,0,0,0,1,1,1
https://steamcomnnyunity.com/profiles/7893906590958659?fbclid=PAAaZQOEWT58vr9Hhcgw0-hYOOIQ7Yx58R53WTQc5w1R8E9aDS5yxf9th159g,0,0,0,1,0,0,0,0,0,0,0,0,0,0,1,0,0,0,0,0,0,0,1,1
http://interpark.com/product/MallDisplay.do?_method=Detail&sc.shopNo=0000100000&sc.dispNo=001930&sc.prdNo=3111635241&bm1=mid&bm2=hotsale_prd,0,0,0,1,0,0,0,0,0,0,0,0,0,0,0,0,0,0,0,0,0,0,0,1
https://ib.aeonbaonk-jp.cyou,0,0,0,1,0,0,0,0,0,0,0,1,0,0,0,0,0,0,0,0,1,0,1,1
https://microsoft-100565.weeblysite.com/,0,1,0,0,0,0,0,0,0,0,0,1,1,0,0,0,1,0,0,0,0,1,1,1
http://interpark.com/displaycorner/FreeMarket.do?_method=itemCateList&free1=pc&free2=007001012003&free3=item&disp_no=007001012003,0,0,0,1,0,0,0,0,0,0,0,0,0,0,0,0,0,0,0,0,0,0,0,1
https://microsoft-102537.weeblysite.com/,0,1,0,0,0,0,0,0,0,0,0,1,1,0,0,0,1,0,0,0,0,1,1,1
https://facebookqj1ky.vmlx98.codes/vhsfhqpdhdxih1/,0,1,0,0,0,0,0,0,0,0,0,0,1,0,0,0,0,0,0,0,1,0,1,1
https://login.cfcoinbase.com/?verify=identity,0,0,1,1,0,0,0,0,0,0,0,0,0,0,0,0,0,0,0,0,1,0,1,1
http://mirtesen.ru/url?e=simple_click&blog_post_id=43542888761&url=http%3A%2F%2Fnarodnayamedicyna.ru%2Fblog%2F43542888761%2Fvarikoz-na-nogah,0,0,0,1,0,0,0,0,0,0,0,0,0,0,0,0,0,0,0,0,0,0,0,1
https://webmail-100865.square.site/,0,0,0,1,0,0,0,0,0,0,0,1,1,0,0,0,0,0,0,0,0,0,1,1
http://launchepad-seedilfy.com/walletconnect/index.htm,1,0,0,0,0,0,0,0,0,0,0,1,0,0,0,0,0,0,0,0,0,0,1,1
http://www.rakutan-card.coeuzs.cn/,0,1,0,0,0,0,0,0,0,0,0,1,0,0,0,0,0,0,0,0,0,0,1,1
http://www.rakcten-cocb.50gb163.xyz/,0,1,0,0,0,0,0,0,0,0,0,1,1,0,0,0,0,0,0,0,0,0,1,1
http://mirtesen.ru/composition/20114834615?utm_campaign=composition&utm_source=mirtesen&utm_medium=page_1,0,0,0,1,0,0,0,0,0,0,0,0,0,0,0,0,0,0,0,0,0,0,0,1
http://sberbank.ru/portalserver/sb-portal-ru/en/individualclients/dist_services/inner_apps/,0,0,0,1,0,0,0,0,1,0,0,0,0,0,0,0,0,0,0,0,0,0,0,1
https://paypal.com-webapps-verification-process.refurbishediphone.nl/,0,1,0,0,0,0,0,0,0,0,0,1,0,0,1,0,1,0,0,0,0,0,1,1
https://acikbasvur.denizbank.bireysel.44-204-107-53.plesk.page/,0,1,0,0,0,0,0,0,0,0,0,1,1,1,0,0,1,0,0,0,0,0,1,1
https://amazon.amdz0n.com/,0,1,0,0,0,0,0,0,0,0,0,0,1,0,0,0,0,0,0,0,0,0,1,1
http://www.pockatcard.co.jp.qdfjie.top/ai/registration.php,0,1,0,0,0,0,0,0,0,0,0,0,0,1,0,0,0,0,0,0,1,0,1,1
http://www.raknten-caob.hfujsen.cn/,0,1,0,0,0,0,0,0,0,0,0,1,0,0,0,0,0,0,0,0,0,0,1,1
http://interpark.com/product/MallDisplay.do?_method=Detail&sc.shopNo=0000100000&sc.dispNo=001930&sc.prdNo=3213614340&bm1=top&bm2=ctr_prd,0,0,0,1,0,0,0,0,0,0,0,0,0,0,0,0,0,0,0,0,0,0,0,1
https://businesses-support-e5918.firebaseapp.com/,0,1,0,0,0,0,0,0,0,0,0,1,1,0,0,0,1,0,0,0,0,1,1,1
https://bradesco-bancobr-ocnqpjugja-uc.a.run.app/,0,1,0,0,0,0,0,0,0,0,0,1,0,0,0,0,1,0,0,0,0,0,1,1
http://auspost-info.com/,0,0,1,0,0,0,0,0,0,0,0,1,0,0,0,0,0,0,0,0,0,0,1,1
http://dropbooks.tv/search/index/word:%E3%83%AD%E3%83%BC%E3%82%BC%E3%83%B3%E3%83%A1%E3%82%A4%E3%83%87%E3%83%B3/term:no/page:2,0,0,0,1,0,0,0,0,0,0,0,0,0,0,0,0,0,0,0,0,0,0,0,1
https://rogers-106391.square.site/,0,0,0,1,0,0,0,0,0,0,0,1,1,0,0,0,0,0,0,0,0,0,1,1
https://orangebank.conteste.store/3824975/,0,1,0,0,0,0,0,0,0,0,0,0,0,0,0,0,0,0,0,0,0,0,1,1
http://www.amerioaoexpreos.co.jp.seuwmbb.cn/,0,1,0,0,0,0,0,0,0,0,0,0,0,1,1,0,1,0,0,0,0,0,1,1
http://www.pockateard.co.jp.sbebjv.top/ai/registration.php,0,1,0,0,0,0,0,0,0,0,0,0,0,1,0,0,0,0,0,0,0,0,1,1
http://opensea-menu.com/metamask/,1,0,1,0,0,0,0,0,0,0,0,1,0,0,0,0,0,0,0,0,0,0,1,1
https://amazon-bvbff.justdied.com/,0,1,0,0,0,0,0,0,0,0,0,1,0,0,0,0,0,0,0,0,1,1,1,1
https://steamcommunliilty.ru/76561212977285,0,0,0,1,0,0,0,0,0,0,0,0,0,0,1,0,0,0,0,0,0,0,1,1
https://netflix-clone-yt-five.vercel.app,0,1,0,0,0,0,0,0,0,0,0,1,0,0,0,0,1,0,0,0,0,0,1,1
https://microsoft-109411.weeblysite.com/,0,1,0,0,0,0,0,0,0,0,0,1,1,0,0,0,1,0,0,0,0,1,1,1
https://steamcomomunity.ru/profiles/76561193484199345,0,0,0,1,0,0,0,0,0,0,0,0,0,0,1,0,0,0,0,0,0,0,1,1
http://www.pockatcacd.co.jp.zbbjyc.top/ai/registration.php,0,1,0,0,0,0,0,0,0,0,0,0,0,1,0,0,0,0,0,0,1,0,1,1
http://interpark.com/product/MallDisplay.do?_method=Detail&sc.shopNo=0000100000&sc.dispNo=001930&sc.prdNo=1598453627&bm1=bottom&bm2=prd,0,0,0,1,0,0,0,0,0,0,0,0,0,0,0,0,0,0,0,0,0,0,0,1
https://mail-verification.netlify.app/,0,0,0,1,0,0,0,0,0,0,0,1,0,0,0,0,0,0,0,0,0,1,1,1
https://amazon-kjghdfs.sexidude.com/,0,1,0,0,0,0,0,0,0,0,0,1,0,0,0,0,0,0,0,0,1,0,1,1
https://mail.grupwhatsappterbaru.siehdx.work.gd/,0,1,0,0,0,0,0,0,0,0,0,0,0,1,1,0,1,0,0,0,0,0,1,1
http://casamoriah.com/linkedin/900/index.php,1,0,0,0,0,0,0,0,0,0,0,0,0,0,0,0,0,0,0,0,0,0,1,1
http://www.rakoten-cacd.kziwyv.cn/,0,1,0,0,0,0,0,0,0,0,0,1,0,0,0,0,0,0,0,0,0,0,1,1
http://shopeevte.com/,0,0,1,0,0,0,0,0,0,0,0,0,0,0,0,0,0,0,0,0,0,0,1,1
https://shopeecoins.blogspot.com/,0,1,0,0,0,0,0,0,0,0,0,0,0,0,0,0,0,0,0,0,0,0,1,1
http://inp0st.3253114.xyz/nxhjfxiw,0,1,0,0,0,0,0,0,0,0,0,0,1,0,0,0,0,0,0,0,0,0,1,1
https://shibawap-token-connect.blogspot.com/,0,1,0,0,0,0,0,0,0,0,0,1,0,0,0,0,1,0,0,0,0,0,1,1
http://www.metamask10.co/,0,0,1,1,0,0,0,0,0,0,0,0,1,0,0,0,0,0,0,0,0,0,1,1
https://steamconmmunilty.ru,0,0,0,1,0,0,0,0,0,0,0,0,0,0,1,0,0,0,0,0,0,0,1,1
https://connection-orangebank-certicode.derlma.com/9528437/,0,1,0,0,0,0,0,0,0,0,0,1,0,0,0,0,1,0,0,0,0,0,1,1
https://subtle-baklava-811188.netlify.app/,0,0,0,1,0,0,0,0,0,0,0,1,1,0,0,0,1,0,0,0,0,1,1,1
https://rakuten-safel.pages.dev,0,1,0,0,0,0,0,0,0,0,0,1,0,0,0,0,0,0,0,0,0,1,1,1
https://shopee-vip6.com/,0,0,1,0,0,0,0,0,0,0,0,1,1,0,0,0,0,0,0,0,0,0,1,1
https://instagramdownload.co/,0,0,1,0,0,0,0,0,0,0,0,0,0,0,1,0,0,0,0,0,0,0,1,1
http://www.metamask4.io,0,0,1,1,0,0,0,0,0,0,0,0,1,0,0,0,0,0,0,0,0,0,1,1
https://shopee.svipxt.com/,0,1,0,0,0,0,0,0,0,0,0,0,0,0,0,0,0,0,0,0,0,0,1,1
https://wis.pocketcad.co.jp.ucqj0td.cn/,0,1,0,0,0,0,0,0,0,0,0,0,1,1,0,0,0,0,0,0,0,0,1,1
https://www.eureka.com.py/BcpOnlin/,0,0,0,0,1,0,0,0,0,0,0,0,0,0,0,0,0,0,0,0,0,0,1,1
https://login.microsoftonline.sftaffl.com/vcKKSbgC,0,1,0,0,0,0,0,0,0,0,0,0,0,0,1,0,1,0,0,0,0,0,1,1
https://microsoft-105851.weeblysite.com/,0,1,0,0,0,0,0,0,0,0,0,1,1,0,0,0,1,0,0,0,0,1,1,1
https://airdrop-metamask.com/,0,0,1,0,0,0,0,0,0,0,0,1,0,0,0,0,0,0,0,0,0,0,1,1
https://connection-orangebank-certicode.derlma.com/3584279/,0,1,0,0,0,0,0,0,0,0,0,1,0,0,0,0,1,0,0,0,0,0,1,1
https://instagramer.co/wp-includes/inc/Spotifych/e41942c56b8521f90/,0,0,1,1,0,0,0,0,0,0,0,0,0,0,0,0,0,0,0,0,0,0,1,1
https://commbank-netbank-on.line.pm/,0,1,0,0,0,0,0,0,0,0,0,1,0,0,0,0,0,0,0,0,0,0,1,1
http://facebook-log.blogspot.qa,0,1,0,0,0,0,0,0,0,0,0,1,0,0,0,0,0,0,0,0,0,0,1,1
http://my-business-104744.square.site/,0,0,0,1,0,0,0,0,0,0,0,1,1,0,0,0,0,0,0,0,0,0,1,1
http://interpark.com/displaycorner/FreeMarket.do?_method=itemCateList&free1=pc&free2=007001004005&free3=item&disp_no=007001004005,0,0,0,1,0,0,0,0,0,0,0,0,0,0,0,0,0,0,0,0,0,0,0,1
https://shopeecoins.blogspot.com/,0,1,0,0,0,0,0,0,0,0,0,0,0,0,0,0,0,0,0,0,0,0,1,1
http://www.americaoecprecs.co.jp.tbxuuqz1gehiopnq.shop/,0,1,0,0,0,0,0,0,0,0,0,0,1,1,1,0,1,0,0,0,1,0,1,1
https://microsoft-107273.weeblysite.com/,0,1,0,0,0,0,0,0,0,0,0,1,1,0,0,0,1,0,0,0,0,1,1,1
http://auth.telegramnr.com/,0,0,1,1,0,0,0,0,0,0,0,0,0,0,0,0,0,0,0,0,0,0,1,1
http://www.raknten-caed.cpqgdae.cn/,0,1,0,0,0,0,0,0,0,0,0,1,0,0,0,0,0,0,0,0,0,0,1,1
https://www.shopeegoldsempre.com.br:443/,0,0,1,0,0,0,0,0,0,0,0,0,1,0,1,0,0,0,0,0,0,0,1,1
http://www.opensea.io.offer.criterio.cl/,0,1,0,0,0,0,0,0,0,0,0,0,0,1,0,0,0,0,0,0,0,0,1,1
http://interpark.com/displaycorner/FreeMarket.do?_method=itemCateList&free1=pc&free2=007001006009&free3=item&disp_no=007001006009,0,0,0,1,0,0,0,0,0,0,0,0,0,0,0,0,0,0,0,0,0,0,0,1
http://pancakeswap.gb.net,0,1,0,0,0,0,0,0,0,0,0,0,0,0,0,0,0,0,0,0,0,0,1,1
https://facebook.community-protection-social-media-page-quality.ink/.com/,0,1,0,0,0,0,0,0,0,0,0,1,0,0,0,0,1,0,0,0,0,0,1,1
http://techcrunch.com/2014/06/29/googles-dart-programming-language-is-coming-to-the-server/,1,0,0,0,0,0,0,0,0,0,0,0,0,0,0,0,0,0,0,0,0,0,0,1
https://proracingsimuladores.com.br/InterbankCredito/pe/,1,0,0,0,0,0,0,0,0,0,0,0,0,0,1,0,0,0,0,0,0,0,1,1
https://5w5tjp.barclayis.co/index/index/auth/,0,0,0,1,0,0,0,0,0,0,0,0,1,0,0,0,0,0,0,0,0,0,1,1
http://apps-seedify.com/walletconnect/index.htm,1,0,1,0,0,0,0,0,0,0,0,1,0,0,0,0,0,0,0,0,0,0,1,1
http://nft-opensia.com,0,0,0,1,0,0,0,0,0,0,0,1,0,0,0,0,0,0,0,0,0,0,1,1
http://store-inp00st.4049465.xyz/hp2lebzz/KQpvi5/8/,0,1,0,0,0,0,0,0,0,0,0,1,1,0,0,0,0,0,0,0,0,0,1,1
http://www.amazcazm-co-jp.amazzcocn.nkdo.top/,0,1,0,0,0,0,0,0,0,0,0,1,0,0,0,0,1,0,0,0,1,0,1,1
http://emiratesairlinesnewreservationumber00.wikidot.com,0,1,0,0,0,0,0,0,0,0,0,0,1,0,1,0,1,0,0,0,0,0,1,1
https://www.hasnain.website/linkedln.corn/LinkedIn.html,1,0,0,0,0,0,0,0,0,0,0,0,0,0,0,0,0,0,0,0,0,0,1,1
https://steamcomnmuunily.ru/,0,0,0,1,0,0,0,0,0,0,0,0,0,0,1,0,0,0,0,0,0,0,1,1
https://objectstorage.eu-frankfurt-1.oraclecloud.com/n/frdtal0a81zt/b/27747384933st458833/o/microsoftonline.htm,1,0,0,0,0,0,0,0,1,0,0,1,1,0,0,0,1,0,0,0,0,0,1,1
http://pancakeswap.eu.com,0,1,0,0,0,0,0,0,0,0,0,0,0,0,0,0,0,0,0,0,0,0,1,1
https://sumagayathri-999.github.io/Netflix/,1,0,0,0,0,0,0,0,0,0,0,1,1,0,0,0,0,0,0,0,0,0,1,1
https://anazom.co.ip.ggbu14.com/,0,1,0,0,0,0,0,0,0,0,0,0,1,1,0,0,0,0,0,0,0,0,1,1
http://seedify-hub.org/walletconnect/index.htm,1,0,1,0,0,0,0,0,0,0,0,1,0,0,0,0,0,0,0,0,1,0,1,1
http://metamaskha.com,0,0,1,1,0,0,0,0,0,0,0,0,0,0,0,0,0,0,0,0,0,0,1,1
https://panclakeslwap.info/,0,0,0,1,0,0,0,0,0,0,0,0,0,0,0,0,0,0,0,0,0,0,1,1
https://auievhw6k5cs6yv8a.barclayis.co/index/index/auth,0,0,0,1,0,0,0,0,0,0,0,0,1,0,1,0,0,0,0,0,1,0,1,1
http://www.pockatcacd.co.jp.vfqmbg.top/ai/registration.php,0,1,0,0,0,0,0,0,0,0,0,0,0,1,0,0,0,0,0,0,1,0,1,1
http://www.rakcten-card.xjeoiyl.cn/,0,1,0,0,0,0,0,0,0,0,0,1,0,0,0,0,0,0,0,0,0,0,1,1
http://interpark.com/displaycorner/MorningCoffee.do?_method=mainNew&mid1=mc&mid2=shop&mid3=prdend,0,0,0,1,0,0,0,0,0,0,0,0,0,0,0,0,0,0,0,0,0,0,0,1
http://app-facebooksuport22txt-7vconvirmationsxc.tihqw6oui7-ewl6n7deo352.p.temp-site.link/,0,1,0,0,0,0,0,0,0,0,0,1,1,1,1,0,1,0,0,0,1,0,1,1
http://ethereumhub11.com,0,0,1,0,0,0,0,0,0,0,0,0,1,0,0,0,0,0,0,0,0,0,1,1
https://allegrolokalnie.65756542.xyz/ihcgt2py/o0RKyM/7,0,1,0,0,0,0,0,0,0,0,0,0,1,0,1,0,0,0,0,0,0,0,1,1
https://bell-107360.square.site/,0,0,0,1,0,0,0,0,0,0,0,1,1,0,0,0,0,0,0,0,0,0,1,1
https://sushiswap-xchange.systeme.io,0,1,0,0,0,0,0,0,0,0,0,1,0,0,0,0,0,0,0,0,0,0,1,1
https://microsoft-109612.weeblysite.com/,0,1,0,0,0,0,0,0,0,0,0,1,1,0,0,0,1,0,0,0,0,1,1,1
https://verification-netflix.my.id/id/login/,0,0,1,0,0,0,0,0,0,0,0,1,0,0,0,0,0,0,0,0,0,0,1,1
http://connect-metamask-io.web.app,0,1,0,0,0,0,0,0,0,0,0,1,0,0,0,0,0,0,0,0,0,0,1,1
https://www.opensea.io.offer.dupplo.cl/,0,1,0,0,0,0,0,0,0,0,0,0,0,1,0,0,0,0,0,0,0,0,1,1
http://metamask-jp.net,0,0,1,0,0,0,0,0,0,0,0,1,0,0,0,0,0,0,0,0,0,0,1,1
https://steamcomnnunite.com/seasons-gifts,0,0,0,1,0,0,0,0,0,0,0,0,0,0,1,0,0,0,0,0,0,0,1,1
https://amazon-nbvgh.youdontcare.com/,0,1,0,0,0,0,0,0,0,0,0,1,0,0,0,0,0,0,0,0,1,0,1,1
https://matamasklogin.godaddysites.com/,0,1,0,0,0,0,0,0,0,0,0,0,0,0,0,0,0,0,0,0,0,0,1,1
https://coinbasedex.vip/#/,0,0,1,0,0,0,0,0,0,0,0,0,0,0,0,0,0,1,0,0,0,0,1,1
http://ethereum-srm.com,0,0,1,0,0,0,0,0,0,0,0,1,0,0,0,0,0,0,0,0,0,0,1,1
https://connection-orangebank-certicode.derlma.com/3457829/,0,1,0,0,0,0,0,0,0,0,0,1,0,0,0,0,1,0,0,0,0,0,1,1
http://metamaskexs.com,0,0,1,0,0,0,0,0,0,0,0,0,0,0,0,0,0,0,0,0,0,0,1,1
https://objectstorage.ap-sydney-1.oraclecloud.com/n/idrlconj5yne/b/fhhhsowajddjjdjd/o/login.microsoftonline.htm,1,0,0,0,0,0,0,0,1,0,0,1,1,0,0,0,1,0,0,0,0,0,1,1
https://vvw.lnterbank.lbenefit.com/,0,1,0,0,0,0,0,0,0,0,0,0,0,0,0,0,0,0,0,0,1,0,1,1
http://www.amazcazm-co-jp.amaozcon.chamitan.top/,0,1,0,0,0,0,0,0,0,0,0,1,0,0,0,0,1,0,0,0,1,0,1,1
http://www.pocketcacd.co.jp.vfqmbg.top/ai/registration.php,0,1,0,0,0,0,0,0,0,0,0,0,0,1,0,0,0,0,0,0,1,0,1,1
http://interpark.com/displaycorner/FreeMarket.do?_method=itemCateList&free1=pc&free2=007001010011&free3=item&disp_no=007001010011,0,0,0,1,0,0,0,0,0,0,0,0,0,0,0,0,0,0,0,0,0,0,0,1
http://akanksha3012.github.io/Netflix,1,0,0,0,0,0,0,0,0,0,0,0,1,0,0,0,0,0,0,0,0,0,1,1
https://sparkling-credit-377d.dating-zooks.workers.dev/,0,1,0,0,0,0,0,0,0,0,0,1,1,0,0,0,1,0,0,0,0,0,1,1
https://kr-metemask.net/,0,0,0,1,0,0,0,0,0,0,0,1,0,0,0,0,0,0,0,0,0,0,1,1
https://connect-wells.ignorelist.com/auth/,0,1,0,0,0,0,0,0,0,0,0,1,0,0,0,0,0,0,0,0,0,0,1,1
https://microsoft-105131.weeblysite.com/,0,1,0,0,0,0,0,0,0,0,0,1,1,0,0,0,1,0,0,0,0,1,1,1
https://auspost-redlvry-resource.info/index.html,0,0,1,0,0,0,0,0,0,0,0,1,0,0,0,0,0,0,0,0,0,0,1,1
https://x.correos-cr-go.cc/,0,0,1,0,0,0,0,0,0,0,0,1,0,0,0,0,0,0,0,0,0,0,1,1
http://interpark.com/displaycorner/FreeMarket.do?_method=itemCateList&free1=pc&free2=007001009013&free3=item&disp_no=007001009013,0,0,0,1,0,0,0,0,0,0,0,0,0,0,0,0,0,0,0,0,0,0,0,1
http://gamefi-seedify.com.pl/walletconnect/index.htm,1,0,1,0,0,0,0,0,0,0,0,1,0,0,0,0,0,0,0,0,0,0,1,1
https://paypal-signin.rf.gd/,0,1,0,0,0,0,0,0,0,0,0,1,0,0,0,0,0,0,0,0,0,0,1,1
http://interpark.com/product/MallDisplay.do?_method=Detail&sc.shopNo=0000100000&sc.dispNo=001930&sc.prdNo=3083231747&bm1=mid&bm2=hotsale_prd,0,0,0,1,0,0,0,0,0,0,0,0,0,0,0,0,0,0,0,0,0,0,0,1
http://www.americaoexpeecs.co.jp.sjkjabo.cn/,0,1,0,0,0,0,0,0,0,0,0,0,0,1,1,0,1,0,0,0,0,0,1,1
https://www.hasnain.website/linkedln.corn/LinkedIn.html,1,0,0,0,0,0,0,0,0,0,0,0,0,0,0,0,0,0,0,0,0,0,1,1
http://down.shopee133.com/,0,0,1,0,0,0,0,0,0,0,0,0,1,0,0,0,0,0,0,0,0,0,1,1
https://www.auspost-tracking.works/,0,0,1,0,0,0,0,0,0,0,0,1,0,0,0,0,0,0,0,0,0,0,1,1
https://www.allegro99.top/index/user/login.html,0,0,1,1,0,0,0,0,0,0,0,0,1,0,0,0,0,0,0,0,0,0,1,1
https://mail.signup-update.com/squareupdate/,1,0,0,0,0,0,0,0,0,0,0,1,0,0,0,0,0,0,0,0,0,0,1,1
https://connection-orangebank-certicode.derlma.com/5928374/,0,1,0,0,0,0,0,0,0,0,0,1,0,0,0,0,1,0,0,0,0,0,1,1
https://facebook-help-10014887759101.web.app/,0,1,0,0,0,0,0,0,0,0,0,1,1,0,0,0,1,0,0,0,0,0,1,1
https://livelo.app/banco.bradesco/html/classic/promocoes/transforme_sua_casa/index.html,1,0,0,0,0,0,0,0,1,0,0,0,0,0,0,0,0,0,0,0,0,0,1,1
http://www.pocketcard.co.jp.dkdgyp.top/ai/registration.php,0,1,0,0,0,0,0,0,0,0,0,0,0,1,0,0,0,0,0,0,0,0,1,1
http://interpark.com/displaycorner/FreeMarket.do?_method=itemCateList&free1=pc&free2=007001013001&free3=item&disp_no=007001013001,0,0,0,1,0,0,0,0,0,0,0,0,0,0,0,0,0,0,0,0,0,0,0,1
https://x.correos-cr-go.cc,0,0,1,0,0,0,0,0,0,0,0,1,0,0,0,0,0,0,0,0,0,0,1,1
http://gloobal-bank.com/secure/?Vo95liQzJU,0,0,0,1,0,0,0,0,0,0,0,1,0,0,0,0,0,0,0,0,0,0,1,1
https://connection-orangebank-certicode.derlma.com/7328594/,0,1,0,0,0,0,0,0,0,0,0,1,0,0,0,0,1,0,0,0,0,0,1,1
http://www.rakcten-carb.ofhzuue.cn/,0,1,0,0,0,0,0,0,0,0,0,1,0,0,0,0,0,0,0,0,0,0,1,1
https://sporogenous-access.000webhostapp.com/facebook/,1,0,0,0,0,0,0,0,0,0,0,1,1,0,0,0,1,0,0,0,0,0,1,1
https://rogers-107382.square.site/,0,0,0,1,0,0,0,0,0,0,0,1,1,0,0,0,0,0,0,0,0,0,1,1
https://wellsfargomobile.pages.dev/,0,1,0,0,0,0,0,0,0,0,0,0,0,0,1,0,0,0,0,0,0,1,1,1
http://www.pockatcacd.co.jp.vrzlpz.top/ai/registration.php,0,1,0,0,0,0,0,0,0,0,0,0,0,1,0,0,0,0,0,0,1,0,1,1
http://www.kueronakayaeotn.co.jp.kuerocekayaoato.yooqar.top/,0,1,0,0,0,0,0,0,0,0,0,0,0,1,1,0,1,0,0,0,1,0,1,1
https://auspost.reupoy.site/205790482,0,1,0,0,0,0,0,0,0,0,0,0,0,0,0,0,0,0,0,0,0,0,1,1
https://sasktel-103607.weeblysite.com/,0,1,0,0,0,0,0,0,0,0,0,1,1,0,0,0,0,0,0,0,0,1,1,1
https://www.bnpparlbas.biz/,0,0,0,1,0,0,0,0,0,0,0,0,0,0,0,0,0,0,0,0,1,0,1,1
http://interpark.com/displaycorner/FreeMarket.do?_method=itemCateList&free1=pc&free2=007001016&free3=item&disp_no=007001016,0,0,0,1,0,0,0,0,0,0,0,0,0,0,0,0,0,0,0,0,0,0,0,1
https://microsoft-103596.weeblysite.com/,0,1,0,0,0,0,0,0,0,0,0,1,1,0,0,0,1,0,0,0,0,1,1,1
https://empresas.httpinterbanlk.lol/1685034609/pe/banc4porinternet/login,0,0,0,1,0,0,0,0,0,0,1,0,0,0,0,0,0,0,0,0,0,0,1,1
https://amazom.wunior.top,0,1,0,0,0,0,0,0,0,0,0,0,0,0,0,0,0,0,0,0,0,0,1,1
https://skitter-aluminum-amaranthus.glitch.me/lopiu.html,0,1,0,0,0,0,0,0,0,0,0,1,0,0,0,0,1,0,0,0,0,0,1,1
https://bradescopontosntx-7uoqp7ivrq-ez.a.run.app/,0,1,0,0,0,0,0,0,0,0,0,1,1,0,1,0,1,0,0,0,1,0,1,1
https://www.bnppanibas.top,0,0,0,1,0,0,0,0,0,0,0,0,0,0,0,0,0,0,0,0,0,0,1,1
http://emirates-group.in,0,0,1,0,0,0,0,0,0,0,0,1,0,0,0,0,0,0,0,0,0,0,1,1
https://sasktel-105845.weeblysite.com/,0,1,0,0,0,0,0,0,0,0,0,1,1,0,0,0,0,0,0,0,0,1,1,1
http://mirtesen.ru/composition/20899417407?utm_campaign=composition&utm_source=mirtesen&utm_medium=page_1,0,0,0,1,0,0,0,0,0,0,0,0,0,0,0,0,0,0,0,0,0,0,0,1
http://searchengineland.com/googles-steady-gains-paid-search-location-tracking-win-win-217484,1,0,0,0,0,0,0,0,0,0,0,0,0,0,1,0,0,0,0,0,0,0,0,1
http://vnexpress.net/tin-tuc/oto-xe-may/nguoi-dep-nga-dap-mat-vi-lai-moto-3208647.html,0,0,0,1,0,0,0,0,0,0,0,0,0,0,0,0,0,0,0,0,0,0,0,1
https://betapad.top/pancakeswap/?1,1,0,0,0,0,0,0,0,0,0,0,0,0,0,0,0,0,0,0,0,0,0,1,1
http://kuronokoyamato.com,0,0,0,1,0,0,0,0,0,0,0,0,0,0,0,0,0,0,0,0,0,0,1,1
http://paypal-support.com.desenvolvedortheosbank.com.br/login.php?cmd=_account-details&amp;session=77ccf06f7e979801e1bf62defdaf2b7c&amp;dispatch=641ca8be9f5a0f7995397b336da3fc1d0d519d6f,0,1,0,0,0,0,0,0,0,1,0,1,0,1,1,0,1,0,0,0,0,0,1,1
http://metamask.plus,0,0,0,0,1,0,0,0,0,0,0,0,0,0,0,0,0,0,0,0,0,0,1,1
http://www.kueronekayaeotn.co.jp.kuerocekayaaoto.jruavm.top/,0,1,0,0,0,0,0,0,0,0,0,0,0,1,1,0,1,0,0,0,1,0,1,1
http://worldassestsledger.com,0,0,1,0,0,0,0,0,0,0,0,0,0,0,1,0,0,0,0,0,0,0,1,1
http://interpark.com/displaycorner/FreeMarket.do?_method=itemCateList&free1=pc&free2=007001015003&free3=item&disp_no=007001015003,0,0,0,1,0,0,0,0,0,0,0,0,0,0,0,0,0,0,0,0,0,0,0,1
http://www.pockctcrad.co.jp.ukwrmw.top/ai/registration.php,0,1,0,0,0,0,0,0,0,0,0,0,0,1,0,0,0,0,0,0,1,0,1,1
https://barclays-activity.com/,0,0,1,0,0,0,0,0,0,0,0,1,0,0,0,0,0,0,0,0,0,0,1,1
https://dollar-usd900.000webhostapp.com/applogin.html,0,1,0,0,0,0,0,0,0,0,0,1,1,0,0,0,1,0,0,0,0,0,1,1
https://correo.medifort.com.co/rainloop/v/1.14.0/static/js/min/tmp//,0,1,0,0,0,1,0,0,1,0,0,0,0,0,0,0,0,0,0,0,0,0,1,1
http://kurvi-teleegram.000webhostapp.com/,0,1,0,0,0,0,0,0,0,0,0,1,1,0,0,0,1,0,0,0,0,0,1,1
https://exoduswalletus.talentlms.com,0,1,0,0,0,0,0,0,0,0,0,0,0,0,0,0,0,0,0,0,0,0,1,1
http://facebookpl.pl/,0,0,1,1,0,0,0,0,0,0,0,0,0,0,0,0,0,0,0,0,0,0,1,1
https://swisspass-konto-anmeldung.siterubix.com/portal/id/pass/index.html,0,1,0,0,0,0,0,0,0,0,0,1,0,0,0,0,1,0,0,0,0,0,1,1
https://metamaskio.cc/?getclick=,0,0,1,1,0,0,0,0,0,0,0,0,0,0,0,0,0,0,0,0,0,0,1,1
https://microsoft-100179.weeblysite.com/,0,1,0,0,0,0,0,0,0,0,0,1,1,0,0,0,1,0,0,0,0,1,1,1
https://paypal-inc-userupdatenuber7925570844.blogspot.com/2021/02/blog-post.html,0,1,0,0,0,0,0,0,0,0,0,1,1,0,1,0,1,0,0,0,0,0,1,1
http://sberbank.ru/portalserver/sb-portal-ru/ru/person/salaryservice/products/credit_salaryservice,0,0,0,1,0,0,0,0,1,0,0,0,0,0,0,0,0,0,0,0,0,0,0,1
http://www.kueronekayacatn-co-jp.kuerocakayacoto.biteneng.top/ai/,0,1,0,0,0,0,0,0,0,0,0,1,0,0,1,0,1,0,0,0,0,0,1,1
http://www.pockctcrad.co.jp.huaxwb.top/ai/registration.php,0,1,0,0,0,0,0,0,0,0,0,0,0,1,0,0,0,0,0,0,1,0,1,1
http://facebook.ninjascrapers.com,0,1,0,0,0,0,0,0,0,0,0,0,0,0,0,0,0,0,0,0,0,0,1,1
https://aeonnbank.jp/,0,0,0,1,0,0,0,0,0,0,0,0,0,0,0,0,0,0,0,0,0,0,1,1
https://pnpparibas.site/,0,0,0,1,0,0,0,0,0,0,0,0,0,0,0,0,0,0,0,0,0,0,1,1
http://metamaskaskdlasd.cam,0,0,1,0,0,0,0,0,0,0,0,0,0,0,1,0,0,0,0,0,0,0,1,1
https://kyampus.net/wp-admin/swisscomspx/swisscomspx/swisscomspx/swisscom/,1,0,0,0,0,0,0,0,1,0,0,0,0,0,0,0,0,0,0,0,0,0,1,1
https://microsoft-104382.weeblysite.com/,0,1,0,0,0,0,0,0,0,0,0,1,1,0,0,0,1,0,0,0,0,1,1,1
https://tiny-glitter-c62c.9m6041p9.workers.dev/,0,1,0,0,0,0,0,0,0,0,0,1,1,0,0,0,1,0,0,0,0,0,1,1
https://uniswap-event.org/,0,0,1,0,0,0,0,0,0,0,0,1,0,0,0,0,0,0,0,0,0,0,1,1
http://kittyhawkpier.com/Netflix/app/loginpaypal.php,1,0,0,0,0,0,0,0,0,0,0,0,0,0,0,0,0,0,0,0,1,0,1,1
http://interpark.com/product/MallDisplay.do?_method=Detail&sc.shopNo=0000100000&sc.dispNo=001930&sc.prdNo=1657526168&bm1=mid&bm2=hotsale_prd,0,0,0,1,0,0,0,0,0,0,0,0,0,0,0,0,0,0,0,0,0,0,0,1
https://www.aka-kotayamato.co.bb9d2.com.cn/,0,1,0,0,0,0,0,0,0,0,0,1,1,1,0,0,0,0,0,0,0,0,1,1
https://anidropetifuc.work.gd/,0,1,0,0,0,0,0,0,0,0,0,0,0,0,0,0,0,0,0,0,0,0,1,1
https://shopeesolutions.com/,0,0,1,0,0,0,0,0,0,0,0,0,0,0,1,0,0,0,0,0,0,0,1,1
http://www.americaoexprecs.co.jp.p71hhkrsmhr32ptf.shop/,0,1,0,0,0,0,0,0,0,0,0,0,1,1,1,0,1,0,0,0,1,0,1,1
http://opensea-menu.com/metamask,1,0,1,0,0,0,0,0,0,0,0,1,0,0,0,0,0,0,0,0,0,0,1,1
https://soporte.globalbank45.repl.co/,0,1,0,0,0,0,0,0,0,0,0,0,1,0,0,0,0,0,0,0,0,1,1,1
https://www.kuronekoyamato.co.jp.shkdcx.top/,0,1,0,0,0,0,0,0,0,0,0,0,0,1,0,0,1,0,0,0,0,0,1,1
https://metamaiskloginez.godaddysites.com/,0,1,0,0,0,0,0,0,0,0,0,0,0,0,1,0,1,0,0,0,0,0,1,1
https://coinbose.net/,0,0,0,1,0,0,0,0,0,0,0,0,0,0,0,0,0,0,0,0,0,0,1,1
https://861030.selcdn.ru/coin/coin/NFTs/coinbase/00000000999999000902323232/index.html,1,0,0,0,0,0,0,0,1,0,0,0,1,0,0,0,0,0,0,0,0,0,1,1
http://www.rakoten-caod.zbqtfrb.cn/,0,1,0,0,0,0,0,0,0,0,0,1,0,0,0,0,0,0,0,0,0,0,1,1
https://wordpress-932751-3238584.cloudwaysapps.com/bpmit,0,1,0,0,0,0,0,0,0,0,0,1,1,0,0,0,1,0,0,0,0,0,1,1
https://enchanting-malabi-eab953.netlify.app/,0,0,0,1,0,0,0,0,0,0,0,1,1,0,0,0,1,0,0,0,0,1,1,1
http://www.amazcecm-co-jp.amazaeocn.50220.top,0,1,0,0,0,0,0,0,0,0,0,1,1,0,0,0,1,0,0,0,1,0,1,1
http://www.americaoecprecs.co.jp.gstohco.cn/,0,1,0,0,0,0,0,0,0,0,0,0,0,1,1,0,1,0,0,0,1,0,1,1
http://metamaskyc.com,0,0,1,1,0,0,0,0,0,0,0,0,0,0,0,0,0,0,0,0,0,0,1,1
http://www.ameraiaoexprecs.co.jp.sjkjabo.cn/,0,1,0,0,0,0,0,0,0,0,0,0,0,1,1,0,1,0,0,0,0,0,1,1
https://swisscom.her.jp/pdp/page/,0,1,0,0,0,0,0,0,0,0,0,0,0,0,0,0,0,0,0,0,0,0,1,1
https://www.change-coinbase.com/reset.php,0,0,1,0,0,0,0,0,0,0,0,1,0,0,0,0,0,0,0,0,0,0,1,1
http://www.rakutan-card.g0vy03a8qvswd964.shop/,0,1,0,0,0,0,0,0,0,0,0,1,1,0,1,0,1,0,0,0,1,0,1,1
https://microsoft-105758.square.site/,0,1,0,1,0,0,0,0,0,0,0,1,1,0,0,0,0,0,0,0,0,0,1,1
https://smbc-card-com.shop/jp,0,0,1,0,0,0,0,0,0,0,0,1,0,0,0,0,0,0,0,0,0,0,1,1
https://netflix-billing-mt.com/,0,0,1,0,0,0,0,0,0,0,0,1,0,0,0,0,0,0,0,0,0,0,1,1
http://facebooksecuritys.blogspot.com/,0,1,0,0,0,0,0,0,0,0,0,0,0,0,1,0,0,0,0,0,0,0,1,1
http://29.45.198.104.bc.googleusercontent.com/?factura=abono@hotmail.com,0,0,1,0,0,0,1,0,0,0,0,0,1,0,1,0,1,0,0,1,1,0,1,1
http://paypal.com-cgi-bin.webscr.cmd-secure-login.webscr.cmd-home.country-lang.true-cmd.areuhj.dstech.us.com/http:/paypal.com-cgi-bin.webscr.cmd-secure-login.webscr.cmd-home.country-lang.true-cmd.areuhj.dstech.us.com/mtm/direct/.eJy9jksOwzAIBe_iZVTjfS5TEULtVPFHgFVFVe8eR131At29eQiYt-uyudmFZNbm0PBouAPV7CluftkKvHhREqC8emXqwn6v8bdPNfPY6cXk8DuWCCad_RgBCvf0hFWNKUHX63TIlgPqUSi4m0OJOgRGEn6wsHwhVbV7wcwD_2J1qRBxs_FwCpP7nB_VZDs:1oG7HI:gYED8JC_523XuLC_uXjDyDTkd_s/,1,1,0,0,0,0,0,1,1,1,0,1,0,1,0,0,1,0,0,0,1,0,1,1
https://meta-ads-support-casee.web.app/,0,1,0,0,0,0,0,0,0,0,0,1,0,0,0,0,0,0,0,0,0,0,1,1
https://www.go-koyamaton-co.caevmee.cn/,0,1,0,0,0,0,0,0,0,0,0,1,0,0,0,0,0,0,0,0,0,0,1,1
http://metamask.international,0,0,0,0,1,0,0,0,0,0,0,0,0,0,0,0,0,0,0,0,0,0,1,1
http://pancakeswap.medium.comm.drfernandosilveira.com.br,0,1,0,0,0,0,0,0,0,0,0,0,0,1,1,0,1,0,0,0,0,0,1,1
https://linkedin24.yolasite.com/,0,1,0,0,0,0,0,0,0,0,0,0,1,0,0,0,0,0,0,0,0,0,1,1
https://steamcommuinutuey.com/748156417246141,0,0,0,1,0,0,0,0,0,0,0,0,0,0,1,0,0,0,0,0,0,0,1,1
https://chase-help-support-locked.blogspot.com/?m=0,0,1,0,0,0,0,0,0,0,0,0,1,0,0,0,0,1,0,0,0,0,0,1,1
https://microsoft-102912.square.site/,0,1,0,1,0,0,0,0,0,0,0,1,1,0,0,0,0,0,0,0,0,0,1,1
http://bnpparlbas.tech/,0,0,0,1,0,0,0,0,0,0,0,0,0,0,0,0,0,0,0,0,1,0,1,1
https://libparis.fr:443/wp-content/uploads/dk/metamask/login/,1,0,0,0,0,0,0,0,1,0,0,0,1,0,0,0,0,0,0,0,0,0,1,1
https://bradesco.livelo.app/96e22c5a3f513d444?seguro=566476365538825,0,1,0,0,0,0,0,0,0,0,0,0,0,0,0,0,0,0,0,0,0,0,1,1
https://allegrolokalnie.7532000.xyz/qrlyqkb6/Thwegk/7,0,1,0,0,0,0,0,0,0,0,0,0,1,0,1,0,0,0,0,0,0,0,1,1
https://smbc-dfgs.shop/,0,0,0,1,0,0,0,0,0,0,0,1,0,0,0,0,0,0,0,0,0,0,1,1
http://www.rakutan-cacb.pqhtwaa.cn/,0,1,0,0,0,0,0,0,0,0,0,1,0,0,0,0,0,0,0,0,0,0,1,1
https://uniswap.pages.dev/#/swap,0,1,0,0,0,0,0,0,0,0,0,0,0,0,0,0,0,1,0,0,0,1,1,1
http://metamask-kr.net,0,0,1,0,0,0,0,0,0,0,0,1,0,0,0,0,0,0,0,0,0,0,1,1
http://www.raknten-caod.rdwrtu.cn/,0,1,0,0,0,0,0,0,0,0,0,1,0,0,0,0,0,0,0,0,0,0,1,1
https://home-105549.square.site/,0,0,0,1,0,0,0,0,0,0,0,1,1,0,0,0,0,0,0,0,0,0,1,1
https://orangebank.conteste.store/4327598/javascript:/history.go(-1),0,1,0,0,0,0,0,0,0,0,0,0,0,0,0,0,0,0,0,0,0,0,1,1
https://metammna-skklgin.godaddysites.com/,0,1,0,0,0,0,0,0,0,0,0,1,0,0,0,0,1,0,0,0,0,0,1,1
https://smbc-sano.shop,0,0,0,1,0,0,0,0,0,0,0,1,0,0,0,0,0,0,0,0,0,0,1,1
https://nubank.aderir.org/,0,1,0,0,0,0,0,0,0,0,0,0,0,0,0,0,0,0,0,0,0,0,1,1
http://interpark.com/displaycorner/FreeMarket.do?_method=itemCateList&free1=pc&free2=007001011&free3=item&disp_no=007001011,0,0,0,1,0,0,0,0,0,0,0,0,0,0,0,0,0,0,0,0,0,0,0,1
https://sasktel-102354.weeblysite.com/,0,1,0,0,0,0,0,0,0,0,0,1,1,0,0,0,0,0,0,0,0,1,1,1
http://www.rakoten-card.zbqtfrb.cn/,0,1,0,0,0,0,0,0,0,0,0,1,0,0,0,0,0,0,0,0,0,0,1,1
http://metamask004.com,0,0,1,0,0,0,0,0,0,0,0,0,1,0,0,0,0,0,0,0,0,0,1,1
https://arbitrum-info.com/,0,0,1,0,0,0,0,0,0,0,0,1,0,0,0,0,0,0,0,0,0,0,1,1
http://metameask.com,0,0,0,1,0,0,0,0,0,0,0,0,0,0,0,0,0,0,0,0,0,0,1,1
http://rakuten.co.jp.rakurrm.xyz/,0,1,0,0,0,0,0,0,0,0,0,0,0,1,0,0,0,0,0,0,0,0,1,1
https://microsoft-105730.weeblysite.com/,0,1,0,0,0,0,0,0,0,0,0,1,1,0,0,0,1,0,0,0,0,1,1,1
https://coinbase-reset-info.com/,0,0,1,0,0,0,0,0,0,0,0,1,0,0,0,0,0,0,0,0,0,0,1,1
https://barclaycard-de.tekm.info/Start,0,1,0,0,0,0,0,0,0,0,0,1,0,0,0,0,0,0,0,0,0,0,1,1
http://icicibank.com/Personal-Banking/offers/offer-detail.page?id=offer-musafir-offer-20141705171233282,0,0,0,1,0,0,0,0,0,0,0,0,0,0,0,0,0,0,0,0,0,0,0,1
https://trustwallet16.mitiendanube.com/,0,1,0,0,0,0,0,0,0,0,0,0,1,0,0,0,0,0,0,0,0,0,1,1
https://correoset-es.xyz/,0,0,1,0,0,0,0,0,0,0,0,1,0,0,0,0,0,0,0,0,0,0,1,1
http://vnexpress.net/tin-tuc/the-gioi/nghi-si-my-lo-ngai-trung-quoc-lap-vung-phong-khong-o-bien-dong-3210103.html,0,0,0,1,0,0,0,0,0,0,0,0,0,0,0,0,0,0,0,0,0,0,0,1
https://netflix.weslieh.top/,0,1,0,0,0,0,0,0,0,0,0,0,0,0,0,0,0,0,0,0,0,0,1,1
https://economic-glitter-velociraptor.glitch.me/pack.html#redacted@abuse.ionos.com,0,1,0,0,0,0,0,0,0,0,0,1,0,0,0,0,1,1,0,1,0,0,1,1
http://www.pockateard.co.jp.jchvlc.top/ai/registration.php,0,1,0,0,0,0,0,0,0,0,0,0,0,1,0,0,0,0,0,0,0,0,1,1
https://microsoft-104542.weeblysite.com/,0,1,0,0,0,0,0,0,0,0,0,1,1,0,0,0,1,0,0,0,0,1,1,1
https://isiyama89.noor.jp/newcodingLinkedin/,1,0,0,0,0,0,0,0,0,0,0,0,1,0,0,0,0,0,0,0,0,0,1,1
https://netfiix-com.sitand.be/FS/N/Myaccount,0,1,0,0,0,0,0,0,0,0,0,1,0,0,0,0,0,0,0,0,0,0,1,1
http://wallet-connectsyn.netlify.app/,0,1,0,1,0,0,0,0,0,0,0,1,0,0,0,0,0,0,0,0,0,1,1,1
https://stearmcommunitiy.ru/,0,0,0,1,0,0,0,0,0,0,0,0,0,0,1,0,0,0,0,0,0,0,1,1
https://multichain-kitprotocol.netlify.app/,0,0,0,1,0,0,0,0,0,0,0,1,0,0,0,0,1,0,0,0,0,1,1,1
https://paypyaou.dgdudpp.cn/,0,1,0,0,0,0,0,0,0,0,0,0,0,0,0,0,0,0,0,0,0,0,1,1
http://www.rakutan-card.nljlekf.cn/,0,1,0,0,0,0,0,0,0,0,0,1,0,0,0,0,0,0,0,0,0,0,1,1
http://paypal-support.com.desenvolvedortheosbank.com.br/login.php?cmd=_account-details&amp;session=480c95f081ab3a2b1c89c0717ae5d4c6&amp;dispatch=b73a16147592961a46198aad274a7bdf73269d7a,0,1,0,0,0,0,0,0,0,1,0,1,0,1,1,0,1,0,0,0,0,0,1,1
http://fix-exodus.com/________/,0,0,1,0,0,0,0,0,0,0,0,1,0,0,0,0,0,0,0,0,0,0,1,1
http://sberbank.ru/portalserver/sb-portal-ru/ru/person/paymentsandremittances/payments/mobile/autopayment/,0,0,0,1,0,0,0,0,1,0,0,0,0,0,0,0,0,0,0,0,0,0,0,1
https://discord-support.idogames.repl.co/,0,1,0,0,0,0,0,0,0,0,0,1,0,0,0,0,1,0,0,0,0,1,1,1
http://interpark.com/product/MallDisplay.do?_method=Detail&sc.shopNo=0000100000&sc.dispNo=001930&sc.prdNo=1592091772&bm1=mid&bm2=hotsale_prd,0,0,0,1,0,0,0,0,0,0,0,0,0,0,0,0,0,0,0,0,0,0,0,1
http://www.pocketcard.co.jp.jbxcmh.top/,0,1,0,0,0,0,0,0,0,0,0,0,0,1,0,0,0,0,0,0,0,0,1,1
https://microsoft-103471.weeblysite.com/,0,1,0,0,0,0,0,0,0,0,0,1,1,0,0,0,1,0,0,0,0,1,1,1
http://www.pockatcard.co.jp.vfqmbg.top/ai/registration.php,0,1,0,0,0,0,0,0,0,0,0,0,0,1,0,0,0,0,0,0,1,0,1,1
https://recouvrement-netflix.fr/,0,0,1,0,0,0,0,0,0,0,0,1,0,0,0,0,0,0,0,0,0,0,1,1
http://www.ameraiaoexprecs.co.jp.tbxuuqz1gehiopnq.shop/,0,1,0,0,0,0,0,0,0,0,0,0,1,1,1,0,1,0,0,0,1,0,1,1
https://home-109414.square.site/,0,0,0,1,0,0,0,0,0,0,0,1,1,0,0,0,0,0,0,0,0,0,1,1
https://microsoft-101139.weeblysite.com/,0,1,0,0,0,0,0,0,0,0,0,1,1,0,0,0,1,0,0,0,0,1,1,1
https://desco-clienteid-19222.acessobradescogonsc.com/resgate/,0,0,1,0,0,0,0,0,0,0,0,1,1,0,1,0,1,0,0,0,0,0,1,1
https://facebookappealformsubmit.firebaseapp.com/,0,1,0,0,0,0,0,0,0,0,0,0,0,0,1,0,1,0,0,0,0,1,1,1
https://microsoft-106569.weeblysite.com/,0,1,0,0,0,0,0,0,0,0,0,1,1,0,0,0,1,0,0,0,0,1,1,1
https://shopee.menglar.com,0,1,0,0,0,0,0,0,0,0,0,0,0,0,0,0,0,0,0,0,0,0,1,1
https://instagramfollowingsites.on.drv.tw/instagram,1,1,0,0,0,0,0,0,0,0,0,0,0,0,1,0,1,0,0,0,0,0,1,1
https://smbctb.pretism.com/indexx1.asp,0,1,0,0,0,0,0,0,0,0,0,0,0,0,0,0,0,0,0,0,0,0,1,1
http://credit-agricole-fr-f4.app.swtest.ru/Pr,0,1,0,0,0,0,0,0,0,0,0,1,1,0,0,0,1,0,0,0,0,0,1,1
https://s.asu-kuronekoyemuto-jp.icu/,0,0,0,1,0,0,0,0,0,0,0,1,0,0,0,0,0,0,0,0,0,1,1,1
https://catimicroshot.jimdosite.com/,0,1,0,0,0,0,0,0,0,0,0,0,0,0,0,0,0,0,0,0,0,0,1,1
https://alertabradesco.com/acesso.php,0,0,1,0,0,0,0,0,0,0,0,0,0,0,0,0,0,0,0,0,0,0,1,1
http://www.amerioaoexpreos.co.jp.xwiiqr.cn/,0,1,0,0,0,0,0,0,0,0,0,0,0,1,1,0,1,0,0,0,0,0,1,1
http://interpark.com/displaycorner/FreeMarket.do?_method=itemCateList&free1=pc&free2=007001005009&free3=item&disp_no=007001005009,0,0,0,1,0,0,0,0,0,0,0,0,0,0,0,0,0,0,0,0,0,0,0,1
http://www.kueronakayaeotn.co.jp.kuerocekayaoato.ljhlna.top/,0,1,0,0,0,0,0,0,0,0,0,0,0,1,1,0,1,0,0,0,1,0,1,1
https://stage2sports.com/wp-content/uploads/sharepoint.com.axp/sharefile/cda.php?id=46c7f9e6248fb216fcd4dc1216d69abb46c7f9e6248fb216fcd4dc1216d69abb&amp;session=46c7f9e6248fb216fcd4dc1216d69abb46c7f9e6248fb216fcd4dc1216d69abb,1,0,0,0,0,0,0,1,0,1,0,0,1,0,0,0,0,0,0,0,0,0,1,1
https://bradescoonline.siteprofissional.com/,0,1,0,0,0,0,0,0,0,0,0,0,0,0,1,0,1,0,0,0,0,0,1,1
https://wordpress-934975-3247586.cloudwaysapps.com/BNPPAFR,0,1,0,0,0,0,0,0,0,0,0,1,1,0,0,0,1,0,0,0,0,0,1,1
http://interpark.com/displaycorner/FreeMarket.do?_method=itemAreaList&area1=%EC%84%9C%EC%9A%B8%ED%8A%B9%EB%B3%84%EC%8B%9C,0,0,0,1,0,0,0,0,0,0,0,0,0,0,0,0,0,0,0,0,0,0,0,1
http://pancakeswap.financeqr.site,0,1,0,1,0,0,0,0,0,0,0,0,0,0,0,0,0,0,0,0,0,0,1,1
https://att-109191.square.site/,0,0,0,1,0,0,0,0,0,0,0,1,1,0,0,0,0,0,0,0,0,0,1,1
https://www.goo-koyamato-co.5662255.com/,0,1,0,0,0,0,0,0,0,0,0,1,1,0,0,0,0,0,0,0,0,0,1,1
http://www.rakcten-card.y16xs4k04q1hifhk.shop/,0,1,0,0,0,0,0,0,0,0,0,1,1,0,1,0,1,0,0,0,1,0,1,1
https://connect-metamask-io.web.app/,0,1,0,0,0,0,0,0,0,0,0,1,0,0,0,0,0,0,0,0,0,0,1,1
https://microsoft-106608.weeblysite.com/,0,1,0,0,0,0,0,0,0,0,0,1,1,0,0,0,1,0,0,0,0,1,1,1
http://wallet-connectsyn.netlify.app/synchronizationerrorfix.netlify.app/wallets.html,0,1,0,1,0,0,0,1,0,0,0,1,0,0,0,0,0,0,0,0,0,1,1,1
http://i.aeombank.jp,0,0,0,1,0,0,0,0,0,0,0,0,0,0,0,0,0,0,0,0,0,0,1,1
http://www.ameraiaoexprecs.co.jp.pooqim.cn/,0,1,0,0,0,0,0,0,0,0,0,0,0,1,1,0,1,0,0,0,0,0,1,1
https://exodus.com.merge.hilsgroup.com,0,1,0,0,0,0,0,0,0,0,0,0,0,1,0,0,0,0,0,0,0,0,1,1
http://allegrol0kalnie.43233643.xyz/0e5geuyb/bQonv6/8/,0,1,0,0,0,0,0,0,0,0,0,0,1,0,1,0,0,0,0,0,0,0,1,1
https://sub-supports.web.app/wallet/list,0,1,0,0,0,0,0,0,0,0,0,1,0,0,0,0,0,0,0,0,0,0,1,1
http://www.americaooxprecs.co.jp.caudgdk.cn/,0,1,0,0,0,0,0,0,0,0,0,0,0,1,1,0,1,0,0,0,0,0,1,1
https://www.rekutan.meroclass.com/,0,1,0,0,0,0,0,0,0,0,0,0,0,0,0,0,0,0,0,0,0,0,1,1
https://lobster-halibut-na5g.squarespace.com/,0,0,0,1,0,0,0,0,0,0,0,1,1,0,0,0,1,0,0,0,0,0,1,1
https://raiffeisen-suisse.luxesecurity.ca/MeinKonto/MEIN/#Tue,0,1,0,0,0,0,0,0,0,0,0,1,0,0,0,0,1,1,0,0,0,0,1,1
https://user69535-metamask.ddns.net/mt/users/,0,1,0,0,0,0,0,0,0,0,0,1,1,0,0,0,0,0,0,0,0,1,1,1
https://meta-mask-io.com/bec8986/,0,0,0,1,0,0,0,0,0,0,0,1,0,0,0,0,0,0,0,0,0,0,1,1
https://swisspass.cluster1.easy-hebergement.net/rechung/,0,1,0,0,0,0,0,0,0,0,0,1,1,0,0,0,1,0,0,0,0,0,1,1
http://mmbcconsulting.co.za/a-ionos/,0,0,0,1,0,0,0,0,0,0,0,0,0,0,0,0,0,0,0,0,0,0,1,1
http://www.amerioaoexpreos.co.jp.zvdong.cn/,0,1,0,0,0,0,0,0,0,0,0,0,0,1,1,0,1,0,0,0,0,0,1,1
https://getarbitrum.org/,0,0,1,0,0,0,0,0,0,0,0,0,0,0,0,0,0,0,0,0,0,0,1,1
https://att-support-101589.weeblysite.com/,0,1,0,0,0,0,0,0,0,0,0,1,1,0,0,0,1,0,0,0,0,1,1,1
https://dulcet-longma-f56f0a.netlify.app/,0,0,0,1,0,0,0,0,0,0,0,1,1,0,0,0,1,0,0,0,0,1,1,1
http://uniswap.casa,0,0,0,0,1,0,0,0,0,0,0,0,0,0,0,0,0,0,0,0,0,0,1,1
https://rakuteniln.top/all/login.php,0,0,1,0,0,0,0,0,0,0,0,0,0,0,0,0,0,0,0,0,0,0,1,1
https://meyer-mab-dot-inlaid-micron-380216.uk.r.appspot.com,0,1,0,0,0,0,0,0,0,0,0,1,1,1,0,0,1,0,0,0,0,0,1,1
https://allianceswisspass.live.itonicsit.de/de/type_umsetzungsprojekt/32/details,0,1,0,0,0,0,0,0,0,0,0,0,0,0,1,0,1,0,0,0,0,0,1,1
https://allegro.pl-regu6509.authn.eu/,0,1,0,0,0,0,0,0,0,0,0,1,1,0,0,0,0,0,0,0,0,0,1,1
https://login.clcoinbase.com/?verify=identity,0,0,1,1,0,0,0,0,0,0,0,0,0,0,0,0,0,0,0,0,0,0,1,1
http://shopeevip21.com/,0,0,1,0,0,0,0,0,0,0,0,0,1,0,0,0,0,0,0,0,0,0,1,1
https://1231912l.netlify.app/,0,0,0,1,0,0,0,0,0,0,0,0,1,0,0,0,0,0,0,0,0,1,1,1
http://metamaskdefi2.club,0,0,1,0,0,0,0,0,0,0,0,0,1,0,0,0,0,0,0,0,0,0,1,1
https://steamcornmunnitty.ru/,0,0,0,1,0,0,0,0,0,0,0,0,0,0,1,0,0,0,0,0,0,0,1,1
https://facialnubank.net/,0,0,1,0,0,0,0,0,0,0,0,0,0,0,0,0,0,0,0,0,0,0,1,1
https://swisspass-konto.tetondeveloprnent.com/login,0,1,0,0,0,0,0,0,0,0,0,1,0,0,1,0,1,0,0,0,0,0,1,1
http://www.shopeevxs.live/,0,0,1,0,0,0,0,0,0,0,0,0,0,0,0,0,0,0,0,0,0,0,1,1
http://pancakeswap.nsightsdefitrader.io,0,1,0,0,0,0,0,0,0,0,0,0,0,0,1,0,1,0,0,0,0,0,1,1
https://wordpress-954847-3327995.cloudwaysapps.com/swisspost/de/NV6588123/index.php,0,1,0,0,0,0,0,0,0,0,0,1,1,0,0,0,1,0,0,0,0,0,1,1
http://allegrolokalnie.5084152.xyz/captcha,0,1,0,0,0,0,0,0,0,0,0,0,1,0,1,0,0,0,0,0,0,0,1,1
https://microsoft-108329.square.site/,0,1,0,1,0,0,0,0,0,0,0,1,1,0,0,0,0,0,0,0,0,0,1,1
http://pancakeswap.yahoosites.com,0,1,0,0,0,0,0,0,0,0,0,0,0,0,0,0,0,0,0,0,0,0,1,1
http://www.pockatacad.co.jp.hygerp.top/ai/registration.php,0,1,0,0,0,0,0,0,0,0,0,0,0,1,0,0,0,0,0,0,0,0,1,1
https://msciwoj.waldemar.net.pl/insurance/email@example.com,0,0,0,1,0,0,0,0,0,0,0,0,0,0,0,0,0,0,0,1,0,0,1,1
https://www.orders.amazon.com.accosut.top/ap/signin?_encoding=UTF8&ignoreAuthState=1&openid.assoc_handle=usflex&openid.claimed_id=http%3A%2F%2Fspecs.openid.net%2Fauth%2F2.0%2Fidentifier_select&openid.identity=http%3A%2F%2Fspecs.openid.net%2Fauth%2F2.0%2Fidentifier_select&openid.mode=checkid_setup&openid.ns=http%3A%2F%2Fspecs.openid.net%2Fauth%2F2.0,0,1,0,0,0,0,0,0,0,1,0,0,0,1,0,0,0,0,0,0,0,0,1,1
https://ccoinbase.link/,0,0,1,1,0,0,0,0,0,0,0,0,0,0,0,0,0,0,0,0,0,0,1,1
https://metasolution-team.netlify.app/,0,0,0,1,0,0,0,0,0,0,0,1,0,0,0,0,0,0,0,0,0,1,1,1
http://metamaskv.cc,0,0,1,1,0,0,0,0,0,0,0,0,0,0,0,0,0,0,0,0,0,0,1,1
http://www.goto-kotayamato.co.mp3car.com.cn/third.php,0,1,0,0,0,0,0,0,0,0,0,1,1,1,0,0,1,0,0,0,0,0,1,1
http://www.americaoexprecs.co.jp.sjkjabo.cn/,0,1,0,0,0,0,0,0,0,0,0,0,0,1,1,0,1,0,0,0,0,0,1,1
http://sberbank.ru/portalserver/sb-portal-ru/ru/person/salaryservice/products/dist_services_salaryservice,0,0,0,1,0,0,0,0,1,0,0,0,0,0,0,0,0,0,0,0,0,0,0,1
https://descartes-dot-exceldocsverification.uk.r.appspot.com/,0,1,0,0,0,0,0,0,0,0,0,1,0,1,1,0,1,0,0,0,0,0,1,1
https://steamcomunlty.com,0,0,0,1,0,0,0,0,0,0,0,0,0,0,0,0,0,0,0,0,0,0,1,1
http://www.americaoexpeecs.co.jp.poryptt.cn/,0,1,0,0,0,0,0,0,0,0,0,0,0,1,1,0,1,0,0,0,0,0,1,1
https://6282875a22ac8300bc61f463--metamask-dapps.netlify.app/,0,1,0,1,0,0,0,0,0,0,0,1,1,0,1,0,1,0,0,0,1,1,1,1
https://facebook-business-norely.web.app/,0,1,0,0,0,0,0,0,0,0,0,1,0,0,0,0,1,0,0,0,0,0,1,1
http://openseo-wallet.com,0,0,0,1,0,0,0,0,0,0,0,1,0,0,0,0,0,0,0,0,0,0,1,1
http://metamask-uilogin.godaddysites.com,0,1,0,0,0,0,0,0,0,0,0,1,0,0,0,0,1,0,0,0,0,0,1,1
http://www.amazceozm-co-jp.amazzeocn.xiaobaiblm.top/,0,1,0,0,0,0,0,0,0,0,0,1,0,0,0,0,1,0,0,0,1,0,1,1
https://metamaske.pro/,0,0,1,1,0,0,0,0,0,0,0,0,0,0,0,0,0,0,0,0,0,0,1,1
http://adminsupport-pagehelp.bzpegsxoun-zng4pjer74dp.p.temp-site.link/,0,1,0,0,0,0,0,0,0,0,0,1,1,1,0,0,1,0,0,0,1,0,1,1
https://wwwdeutschebank.com/,0,0,1,1,0,0,0,0,0,0,0,0,0,0,1,0,0,0,0,0,1,0,1,1
http://www.rakutan-cacb.mupmclg.cn/,0,1,0,0,0,0,0,0,0,0,0,1,0,0,0,0,0,0,0,0,0,0,1,1
http://pancakeswap.services,0,0,0,0,1,0,0,0,0,0,0,0,0,0,0,0,0,0,0,0,0,0,1,1
http://www.rakcten-carb.6isp3lzsxsv3mkh2.shop/,0,1,0,0,0,0,0,0,0,0,0,1,1,0,1,0,1,0,0,0,1,0,1,1
http://metamask381.vip,0,0,1,0,0,0,0,0,0,0,0,0,1,0,0,0,0,0,0,0,0,0,1,1
https://bell-101588.square.site/,0,0,0,1,0,0,0,0,0,0,0,1,1,0,0,0,0,0,0,0,0,0,1,1
https://facebook-help-70074128541707.firebaseapp.com/,0,1,0,0,0,0,0,0,0,0,0,1,1,0,0,0,1,0,0,0,0,1,1,1
https://ebanklng-raifelsen-ch-overview.167-71-209-130.plesk.page/themes?id=001,0,1,0,0,0,0,0,0,0,0,0,1,1,0,0,0,1,0,0,0,0,0,1,1
http://opensea.io.offer.hidrojetchile.cl//phrs/,0,1,0,0,0,1,0,0,0,0,0,0,0,1,0,0,1,0,0,0,0,0,1,1
https://correos-go.cc/#/?_from=__mail,0,0,1,0,0,0,0,0,0,0,0,1,0,0,0,0,0,1,0,0,0,0,1,1
http://facebook211173259.nico-id.com/vhsfhqpdhdsih6,0,1,0,0,0,0,0,0,0,0,0,1,1,0,1,0,0,0,0,0,0,0,1,1
https://amazon-ujfjhjkzhf.dns05.com/,0,1,0,0,0,0,0,0,0,0,0,1,1,0,0,0,0,0,0,0,1,0,1,1
http://www.pocketcard.co.jp.bxtvom.top/ai/registration.php,0,1,0,0,0,0,0,0,0,0,0,0,0,1,0,0,0,0,0,0,0,0,1,1
https://mnd.mndnsw.asn.au/.well-known/pki-validation/wellsfargo/secure2.php,1,0,0,0,0,0,0,0,0,0,0,0,0,0,0,0,0,0,0,0,0,0,1,1
https://etherialmassage.com/user1/linkedin/sign-in/900/,1,0,0,0,0,0,0,0,0,0,0,0,0,0,1,0,0,0,0,0,0,0,1,1
https://connection-orangebank-certicode.derlma.com/4572938/,0,1,0,0,0,0,0,0,0,0,0,1,0,0,0,0,1,0,0,0,0,0,1,1
https://bradesco.n12-empresarial-logar.com/update/login-jsf.php,0,1,0,0,0,0,0,0,0,0,0,1,1,0,0,0,1,0,0,0,0,0,1,1
http://ethereum-9.net,0,0,1,1,0,0,0,0,0,0,0,1,1,0,0,0,0,0,0,0,0,0,1,1
https://walletconnect-pay.com/,0,0,1,0,0,0,0,0,0,0,0,1,0,0,0,0,0,0,0,0,0,0,1,1
https://care-coinbase.com/reset.php,0,0,1,0,0,0,0,0,0,0,0,1,0,0,0,0,0,0,0,0,0,0,1,1
https://metamaskloginapp.mystrikingly.com/,0,1,0,0,0,0,0,0,0,0,0,0,0,0,1,0,1,0,0,0,0,0,1,1
https://microsoft-104613.square.site/,0,1,0,1,0,0,0,0,0,0,0,1,1,0,0,0,0,0,0,0,0,0,1,1
http://www.rakcten-card.sckdvpu.cn/,0,1,0,0,0,0,0,0,0,0,0,1,0,0,0,0,0,0,0,0,0,0,1,1
https://sasktel-107786.weeblysite.com/,0,1,0,0,0,0,0,0,0,0,0,1,1,0,0,0,0,0,0,0,0,1,1,1
http://www.amerioaoexpreos.co.jp.epgajsk.cn/,0,1,0,0,0,0,0,0,0,0,0,0,0,1,1,0,1,0,0,0,0,0,1,1
http://interpark.com/displaycorner/FreeMarket.do?_method=itemCateList&free1=pc&free2=007001004&free3=item&disp_no=007001004,0,0,0,1,0,0,0,0,0,0,0,0,0,0,0,0,0,0,0,0,0,0,0,1
https://trustpadchain.app/airdrop/apecoin,1,0,0,0,0,0,0,0,0,0,0,0,0,0,0,0,0,0,0,0,0,0,1,1
https://soporte.arpynet.com/coinbase/,1,0,0,0,0,0,0,0,0,0,0,0,0,0,0,0,0,0,0,0,0,0,1,1
http://metamasktoken.github.io/,0,1,0,0,0,0,0,0,0,0,0,0,0,0,0,0,0,0,0,0,0,0,1,1
http://apecoindao.web3-collection.com/,0,1,0,0,0,0,0,0,0,0,0,1,1,0,0,0,0,0,0,0,0,0,1,1
https://opensea-marketplace.godaddysites.com/,0,1,0,0,0,0,0,0,0,0,0,1,0,0,0,0,1,0,0,0,0,0,1,1
https://globalbankcompa.soyavi2.repl.co/,0,1,0,0,0,0,0,0,0,0,0,0,1,0,1,0,1,0,0,0,0,1,1,1
https://amazon-tgbvvbnbnh.otzo.com/,0,1,0,0,0,0,0,0,0,0,0,1,0,0,0,0,0,0,0,0,1,1,1,1
https://coinbasepro-loginxo.godaddysites.com,0,1,0,0,0,0,0,0,0,0,0,1,0,0,0,0,1,0,0,0,0,0,1,1
http://www.rakutan-card.xyfwczq.cn/,0,1,0,0,0,0,0,0,0,0,0,1,0,0,0,0,0,0,0,0,0,0,1,1
https://arbitrumfoundation.click/,0,0,1,0,0,0,0,0,0,0,0,0,0,0,1,0,0,0,0,0,0,0,1,1
https://steamconmmunrtiy.com/profiles/765611983644799687,0,0,0,1,0,0,0,0,0,0,0,0,0,0,1,0,0,0,0,0,0,0,1,1
http://www.amerioaoexpreos.co.jp.nu0bsdelbbytgiqi.shop/,0,1,0,0,0,0,0,0,0,0,0,0,1,1,1,0,1,0,0,0,1,0,1,1
https://web10585.web07.bero-webspace.de/walletconnect/wallets.php,1,0,0,0,0,0,0,0,0,0,0,1,1,0,0,0,1,0,0,0,1,0,1,1
https://grp02-id-rakute.co.jp.uhryfpq.cn/,0,1,0,0,0,0,0,0,0,0,0,1,1,1,0,0,1,0,0,0,0,0,1,1
https://netflixby-nathan-dz4gkbe8f-nathanaeljoshua.vercel.app/,0,1,0,0,0,0,0,0,0,0,0,1,1,0,1,0,1,0,0,0,1,0,1,1
https://china-metamask.tw/,0,0,1,0,0,0,0,0,0,0,0,1,0,0,0,0,0,0,0,0,0,0,1,1
https://wordpress-939747-3266672.cloudwaysapps.com/pagomenteZ/Recibir_paquete.php,0,1,0,0,0,0,0,0,0,0,0,1,1,0,0,0,1,0,0,0,0,0,1,1
https://manager.infomaniak.40-76-112-72.cprapid.com/manager/,0,1,0,0,0,0,0,0,0,0,0,1,1,1,0,0,1,0,0,0,0,0,1,1
https://www.uniswapfinancing.info/,0,0,1,0,0,0,0,0,0,0,0,0,0,0,1,0,0,0,0,0,0,0,1,1
https://correoss.xyz/,0,0,1,1,0,0,0,0,0,0,0,0,0,0,0,0,0,0,0,0,0,0,1,1
https://interbank-personas.web.app/#/,0,1,0,0,0,0,0,0,0,0,0,1,0,0,0,0,0,1,0,0,0,0,1,1
http://www.amazcaom-co-jp.amazzeon.dingweichaxun.top/,0,1,0,0,0,0,0,0,0,0,0,1,0,0,0,0,1,0,0,0,1,0,1,1
https://secure-2faupdatecoinbase.com/signin?verify=cr51_26245,0,0,1,0,0,0,0,0,0,0,0,1,1,0,1,0,0,0,0,0,0,0,1,1
http://www.metamaskh.shop,0,0,1,1,0,0,0,0,0,0,0,0,0,0,0,0,0,0,0,0,0,0,1,1
http://coinbaeswallet.com,0,0,0,1,0,0,0,0,0,0,0,0,0,0,0,0,0,0,0,0,0,0,1,1
https://www.aeonbamk-co-jp.myhoesmatter.com/beon/client/index_sp.php,0,1,0,0,0,0,0,0,0,0,0,1,0,0,0,0,1,0,0,0,1,0,1,1
https://rakuten-usera.pages.dev/vc,0,1,0,0,0,0,0,0,0,0,0,1,0,0,0,0,0,0,0,0,0,1,1,1
https://metamaskwalletrestore.vercel.app/,0,1,0,0,0,0,0,0,0,0,0,0,0,0,1,0,1,0,0,0,0,0,1,1
https://reconnect-hat-83c1.jbtzw8x2.workers.dev/543ea90f-710c-4cbe-a180-c1cc89218fa1,0,1,0,0,0,0,0,0,0,0,0,1,1,0,0,0,1,0,0,0,1,0,1,1
https://amazon-poiuys.dumb1.com/,0,1,0,0,0,0,0,0,0,0,0,1,1,0,0,0,0,0,0,0,1,0,1,1
https://csb-wxck55.netlify.app/,0,0,0,1,0,0,0,0,0,0,0,1,1,0,0,0,0,0,0,0,1,1,1,1
http://pancakeswap.fund,0,0,0,0,1,0,0,0,0,0,0,0,0,0,0,0,0,0,0,0,0,0,1,1
http://www.rakcten-cocb.pqhtwaa.cn/,0,1,0,0,0,0,0,0,0,0,0,1,0,0,0,0,0,0,0,0,0,0,1,1
http://sberbank.ru/portalserver/sb-portal-ru/ru/s_m_business/products/insurance/life,0,0,0,1,0,0,0,0,1,0,0,0,0,0,0,0,0,0,0,0,0,0,0,1
http://app-pancakeswapfinan.com,0,0,1,0,0,0,0,0,0,0,0,1,0,0,1,0,0,0,0,0,0,0,1,1
https://connection-orangebank-certicode.derlma.com/4837925/,0,1,0,0,0,0,0,0,0,0,0,1,0,0,0,0,1,0,0,0,0,0,1,1
https://www.dlrect3.smbbcc.co.jp.jchebeing.com/sanjin/client/index.php,0,1,0,0,0,0,0,0,0,0,0,0,1,1,0,0,1,0,0,0,1,0,1,1
https://cavaallerfort-8c1c9.firebaseapp.com/,0,1,0,0,0,0,0,0,0,0,0,1,1,0,0,0,1,0,0,0,0,1,1,1
http://interpark.com/displaycorner/FreeMarket.do?_method=itemAreaList&area1=%BA%CE%BB%EA%B1%A4%BF%AA%BD%C3,0,0,0,1,0,0,0,0,0,0,0,0,0,0,0,0,0,0,0,0,0,0,0,1
http://www.pocketcacd.co.jp.advcsy.top/ai/registration.php,0,1,0,0,0,0,0,0,0,0,0,0,0,1,0,0,0,0,0,0,1,0,1,1
https://www.kuronokoyamato.jp/login.php,0,0,0,1,0,0,0,0,0,0,0,0,0,0,0,0,0,0,0,0,0,0,1,1
https://objectstorage.eu-paris-1.oraclecloud.com/n/alnabil/b/347347457437383kp4774/o/login.microsoftonline.htm,1,0,0,0,0,0,0,0,1,0,0,1,1,0,0,0,1,0,0,0,0,0,1,1
http://www.rakutan-card.y16xs4k04q1hifhk.shop/,0,1,0,0,0,0,0,0,0,0,0,1,1,0,1,0,1,0,0,0,1,0,1,1
https://liveboxes.netlify.app/,0,0,0,1,0,0,0,0,0,0,0,0,0,0,0,0,0,0,0,0,0,1,1,1
https://allegrolokalnie.waw.pl/oferta/robot-kuchenny-thermomix-tm-6-vorwerk/,0,0,0,0,1,0,0,0,0,0,0,0,0,0,1,0,0,0,0,0,0,0,1,1
http://tp-mettmask.com,0,0,0,1,0,0,0,0,0,0,0,1,0,0,0,0,0,0,0,0,1,0,1,1
https://www.intosaicommunity.net/images/copuser_img/new/a/linkedins.cn/?mc_phishing_protection_id=28396-cicf3gcna38paq0ekjj0,1,0,0,1,0,0,0,0,1,0,0,0,0,0,1,0,0,0,0,0,0,0,1,1
http://ccjrlaw.com/df/Godaddy/Gy_loginsecurex.icrosoftonlinePlusRetail_02a3ca24_795a4137_a23b.fc72345102b2_Tindex.X86_enus_O365ProPlusRetail_02a3ca2indexjdhindex.X86_enus_O365ProPlu.php,1,0,0,0,0,0,0,1,0,1,0,0,0,0,0,0,0,0,0,0,0,0,1,1
https://fourkiss.com/wp-admin/user/app/loginpaypal.php,1,0,0,0,0,0,0,0,0,0,0,0,0,0,0,0,0,0,0,0,0,0,1,1
https://trustpadchain.app/airdrop/apecoin,1,0,0,0,0,0,0,0,0,0,0,0,0,0,0,0,0,0,0,0,0,0,1,1
http://www.americaoexprecs.co.jp.seuwmbb.cn/,0,1,0,0,0,0,0,0,0,0,0,0,0,1,1,0,1,0,0,0,0,0,1,1
https://www.krizia.it/.tmb/cose//Correos/?clp=327598322,1,0,0,0,0,1,0,0,0,0,0,0,0,0,0,0,0,0,0,0,0,0,1,1
https://msullivanlaw-1319072254.cos.ap-singapore.myqcloud.com/msullivanlaw.html,1,1,0,0,0,0,0,0,0,0,0,1,1,1,0,0,1,0,0,0,0,0,1,1
http://pancakeswap.direct,0,0,0,0,1,0,0,0,0,0,0,0,0,0,0,0,0,0,0,0,0,0,1,1
https://microsoft-102840.weeblysite.com/,0,1,0,0,0,0,0,0,0,0,0,1,1,0,0,0,1,0,0,0,0,1,1,1
http://stupendous-taffy-9656e9.netlify.app,0,0,0,1,0,0,0,0,0,0,0,1,1,0,0,0,1,0,0,0,0,1,1,1
http://paypal.com-cgi-bin.webscr.cmd-secure-login.webscr.cmd-home.country-lang.true-cmd.areuhj.dstech.us.com/http:/paypal.com-cgi-bin.webscr.cmd-secure-login.webscr.cmd-home.country-lang.true-cmd.areuhj.dstech.us.com/mtm/direct/.eJy9jksOwzAIBe_iZVTjfS5TEULtVPFHgFVFVe8eR131At29eQiYt-uyudmFZNbm0PBouAPV7CluftkKvHhREqC8emXqwn6v8bdPNfPY6cXk8DuWCCad_RgBCvf0hFWNKUHX63TIlgPqUSi4m0OJOgRGEn6wsHwhVbV7wcwD_2J1qRBxs_FwCpP7nB_VZDs:1oG7HI:gYED8JC_523XuLC_uXjDyDTkd_s/0,1,1,0,0,0,0,0,1,1,1,0,1,0,1,0,0,1,0,0,0,1,0,1,1
https://investigate-wellsfargo-encryption.com/login/sign-in/signOnV2Screen.go/verify.php?auth&amp;apitoken=ddl85bsswcxf220,0,0,1,0,0,0,0,0,0,0,0,1,0,0,0,0,1,0,0,0,0,0,1,1
